,Unnamed: 0,X.ID,Gender,Employer_Category1,Employer_Category2,Monthly_Income,Primary_Bank_Type,Contacted,Source,Source_Category,Existing_EMI,Var1,Class_1_Score,Class_0_Score,Approved
46,51,APPL60776142522,0,0,4,11.632798992203625,0,0,133,0,6.684409602330014,10,0.9999851988464508,1.4801153549237611e-05,1
49,54,APPR40227782118,0,0,4,0.21403331406175322,0,0,133,0,3.02633845079567,10,0.9239021764467291,0.07609782355327088,1
90,98,APPX40629447906,0,0,4,0.22818966276478472,0,0,133,0,3.426127647684669,10,0.9374050861932033,0.06259491380679671,1
371,398,APPJ70071568525,0,0,4,11.969869744164923,0,0,133,0,0.6276032694616742,10,0.9997437682007916,0.0002562317992084173,1
380,409,APPU70260393644,0,0,4,0.3131277549829738,0,0,122,0,2.6265492539066706,10,0.9295774823450255,0.07042251765497454,1
398,429,APPU30391605237,0,0,4,0.515361307883424,0,0,122,0,7.124177718907913,0,0.9280144790529692,0.07198552094703081,1
519,559,APPR40192335533,0,0,4,0.47850626520284595,0,0,133,0,7.124177718907913,0,0.909576465677683,0.09042353432231698,1
542,584,APPY40607074836,0,0,4,0.3859318340271359,0,0,133,0,2.6265492539066706,10,0.9166158663785455,0.08338413362145447,1
589,635,APPH10119488946,0,0,4,0.2807703865189018,0,0,133,0,8.023703411908162,0,0.9336578621773864,0.06634213782261356,1
794,865,APPY40550372216,0,0,4,2.4648927578437636,0,0,133,0,0.6276032694616742,10,0.932430149190833,0.067569850809167,1
815,889,APPF80579709522,0,0,4,0.1998769653587217,0,0,133,0,2.6265492539066706,10,0.9077730133868219,0.09222698661317807,1
1062,1164,APPN50916046111,0,0,4,31.16183391441764,0,0,133,0,-0.3718697227608239,7,0.9999999901890705,9.810929513243138e-09,1
1173,1285,APPI50937544228,0,0,4,3.8805276281469148,0,0,133,0,-0.3718697227608239,10,0.950814164939797,0.04918583506020302,1
1415,1546,APPY40636263034,0,0,1,0.4223338735492169,0,0,133,0,7.074204069296789,0,0.9025946678692119,0.09740533213078806,1
1417,1548,APPA80617263223,0,0,4,0.2524576891128387,0,0,133,0,8.92322910490841,0,0.9560898843172349,0.04391011568276515,1
1433,1565,APPY30663865647,0,0,1,0.15943025477863165,0,0,122,0,2.6265492539066706,10,0.9216803268528838,0.07831967314711619,1
1511,1654,APPL30838601305,0,0,4,0.40211051825917193,0,0,133,0,7.124177718907913,0,0.9057751214230348,0.09422487857696515,1
1566,1714,APPG50498076609,0,0,4,0.36166380767908185,0,0,133,0,2.6265492539066706,10,0.9155077368315696,0.08449226316843039,1
1779,1959,APPK70848634236,0,0,4,0.24032367593881174,0,0,133,0,3.376153998073544,10,0.9363421023203315,0.06365789767966845,1
2015,2220,APPD90745422347,0,0,4,0.9279177558003424,0,0,133,0,9.622860199464158,7,0.9960152355444438,0.003984764455556178,1
2090,2303,APPY10524723221,0,0,4,0.24032367593881174,0,0,122,0,2.6765229035177955,10,0.9283863385906954,0.07161366140930459,1
2122,2340,APPY60537679426,0,0,2,0.22010032064876672,0,0,133,0,3.426127647684669,10,0.9361913766191812,0.06380862338081883,1
2301,2534,APPT40366835332,0,0,4,3.8805276281469148,0,0,133,0,0.1278667733504252,10,0.9613395550166922,0.038660444983307785,1
2331,2571,APPM90726444846,0,0,4,0.24032367593881174,0,0,158,0,3.426127647684669,10,0.9002043915452999,0.09979560845470015,1
2345,2587,APPG70746812801,0,0,4,0.6447907817397122,0,0,133,0,14.62022516057665,0,0.9979424688468486,0.0020575311531514373,1
2532,2795,APPD60433596505,0,0,4,0.44255722883926196,0,0,133,0,7.546355110822696,0,0.9241309435789092,0.07586905642109076,1
2540,2807,APPT20234886128,0,0,4,0.24234601146781623,0,0,133,0,3.376153998073544,10,0.9364136490719913,0.06358635092800868,1
2744,3025,APPX40626871523,0,0,4,0.14325157054659565,0,0,122,0,2.6265492539066706,10,0.9226804382400315,0.07731956175996846,1
2991,3300,APPI20157948407,0,0,2,2.667126310744214,0,0,127,0,3.8259168445736687,10,0.9886141408001127,0.011385859199887327,1
3128,3448,APPN70511248124,0,0,4,0.3009937418089468,0,0,133,0,4.125758742240419,10,0.956982705760164,0.043017294239836024,1
3159,3483,APPH10018197719,0,0,4,0.24032367593881174,0,0,133,0,2.6265492539066706,10,0.909764339043878,0.09023566095612201,1
3283,3612,APPN50095169904,0,0,4,0.3212170970989918,0,0,143,0,3.626022246129169,10,0.9344251422474594,0.06557485775254057,1
3516,3880,APPD20248392715,0,0,4,1.0492578875406124,0,0,127,0,9.622860199464158,10,0.9984056748148105,0.001594325185189538,1
3713,4106,APPV40763609527,0,0,4,3.8805276281469148,0,0,122,0,-0.07202782509407446,7,0.9318867623943021,0.06811323760569787,1
3726,4120,APPN40467807329,0,0,2,0.1966412285123145,0,0,122,0,2.106823297950972,10,0.9032156267370305,0.09678437326296951,1
3784,4184,APPQ30379938443,0,0,4,0.2807703865189018,0,0,122,0,3.626022246129169,7,0.9122661373920286,0.08773386260797145,1
3882,4310,APPT20978053321,0,0,1,0.26054703122885675,0,0,122,0,2.450941849173178,10,0.9196030734884075,0.08039692651159247,1
3896,4406,APPN70045013726,0,0,4,0.584120715869577,0,0,122,0,8.123650711130411,0,0.9569344143514136,0.043065585648586424,1
3909,4419,APPB10810261127,0,0,1,141.39934360045305,0,0,122,0,-0.3718697227608239,7,1.0,0.0,1
3956,4472,APPQ70063452827,0,0,1,0.28885972863491977,0,0,122,0,3.12628575001792,10,0.9423539476473485,0.05764605235265152,1
3991,4513,APPT90267459332,0,0,4,0.22447665473353248,0,0,122,0,3.452713629277788,10,0.9499717112027806,0.05002828879721943,1
4175,4775,APPN50025888533,0,0,4,0.44053489331025747,0,0,122,0,9.622860199464158,0,0.9774923519817974,0.022507648018202597,1
4216,4860,APPP30409654111,0,0,4,0.17560893901066768,0,0,122,0,2.6265492539066706,10,0.9240402067767653,0.07595979322323465,1
4224,4868,APPZ40142064107,0,0,4,0.3818871629691269,0,0,122,0,7.98502380710915,0,0.9483907351732318,0.0516092648267682,1
4265,4913,APPC70672061614,0,0,4,0.36166380767908185,0,0,122,0,3.626022246129169,10,0.957410959142956,0.04258904085704396,1
4434,5106,APPG90471677427,0,0,4,0.24032367593881174,0,0,122,0,2.026865458573172,10,0.9033335121010593,0.09666648789894072,1
4554,5245,APPL10798788108,0,0,4,0.3818871629691269,0,0,122,0,3.426127647684669,10,0.9536434084849666,0.04635659151503335,1
4581,5276,APPY60744587047,0,0,4,0.3171724260409828,0,0,122,0,2.3267073562399214,10,0.9192010118455429,0.08079898815445707,1
4718,5470,APPB80134894729,0,0,4,0.24032367593881174,0,0,122,0,1.9768918089620469,10,0.9011123211816724,0.0988876788183276,1
4785,5545,APPN70829062722,0,0,4,0.6609694659717481,0,0,122,0,2.8264438523511703,10,0.9472251627095679,0.052774837290432086,1
4906,5707,APPI30409321003,0,0,2,4.6894618397487156,0,0,122,0,-0.3718697227608239,7,0.9492928961235234,0.05070710387647659,1
5017,5834,APPM90332377012,0,0,4,0.1735866034816632,0,0,122,0,2.7764702027400454,10,0.9290963001552375,0.07090369984476252,1
5079,5971,APPA20816154034,0,0,4,0.15134091266261365,0,0,122,0,2.6265492539066706,10,0.9230224567168054,0.07697754328319462,1
5165,6067,APPP30548201941,0,0,4,0.6447907817397122,0,0,122,0,10.872201439742282,0,0.9892487863458742,0.01075121365412579,1
5269,6179,APPA20414106042,0,0,4,0.16751959689464968,0,0,122,0,2.4266546554621713,10,0.9162941416292324,0.0837058583707676,1
5340,6264,APPA30698106447,0,0,4,0.34548512344704585,0,0,122,0,3.8059273847292188,10,0.9605955696031147,0.03940443039688535,1
5524,6471,APPX60191804105,0,0,4,0.1994724982529208,0,0,122,0,2.3017205314343587,10,0.9128590278035255,0.08714097219647454,1
5654,6620,APPA80527828637,0,0,4,0.24032367593881174,0,0,122,0,3.12628575001792,10,0.9420665001795582,0.057933499820441825,1
5692,6662,APPA40640392831,0,0,4,0.23223433382279374,0,0,122,0,3.426127647684669,10,0.9495523668684025,0.0504476331315975,1
5699,6669,APPL40793229949,0,0,4,0.44255722883926196,0,0,133,0,3.376153998073544,10,0.9431363244385051,0.05686367556149485,1
5729,6702,APPD40620444335,0,0,4,0.2047305706283325,0,0,122,0,3.0797103085803514,10,0.93958356102727,0.06041643897272997,1
5732,6705,APPI50534884826,0,0,4,0.24032367593881174,0,0,133,0,3.626022246129169,10,0.9434467033083825,0.05655329669161746,1
6101,7096,APPQ50309296029,0,0,1,0.18369828112668568,0,0,133,0,2.5266019546844207,10,0.9005392118218203,0.09946078817817972,1
6238,7246,APPW50491083803,0,0,4,0.34144045238903686,0,0,143,0,3.426127647684669,10,0.9287754691003336,0.0712245308996664,1
6326,7338,APPB70630518729,0,0,1,0.44255722883926196,0,0,133,0,2.476628305073296,10,0.9114745897080502,0.08852541029194982,1
6346,7359,APPC80927879418,0,0,4,0.44660189989727095,0,0,133,0,7.124177718907913,0,0.9080060362399426,0.09199396376005742,1
6468,7489,APPG50568676401,0,0,4,0.09876018890849661,0,0,122,0,2.1268127577954217,10,0.9003497710086906,0.09965022899130938,1
6524,7547,APPX30297672303,0,0,4,0.6447907817397122,0,0,133,0,3.626022246129169,10,0.954978537454337,0.04502146254566297,1
6619,7652,APPZ10710353531,0,0,4,3.152486837705294,0,0,133,0,-0.3718697227608239,10,0.9261749644884912,0.07382503551150876,1
6711,7745,APPJ60096259902,0,0,1,0.24032772060986976,0,0,133,0,3.626022246129169,10,0.9421774451964966,0.0578225548035034,1
6799,7833,APPU50939586433,0,0,4,0.3702870463747571,0,0,133,0,3.685990625662519,10,0.9489112507951284,0.05108874920487161,1
6848,7887,APPG10554359814,0,0,4,0.24032367593881174,0,0,122,0,2.6265492539066706,10,0.9266940933755157,0.07330590662448433,1
6858,7897,APPW60325554402,0,0,4,2.667126310744214,0,0,122,0,-0.3718697227608239,10,0.9218213527034255,0.07817864729657453,1
6883,7925,APPE50842989838,0,0,2,1.777298677982233,0,0,133,0,0.6276032694616742,10,0.9003040888867435,0.09969591111325649,1
6914,7958,APPT90959432946,0,0,2,0.1998769653587217,0,0,122,0,2.9263911515734202,10,0.9339089496544534,0.06609105034554663,1
6995,8043,APPC60633167233,0,0,2,0.44255722883926196,0,0,133,0,2.4266546554621713,10,0.9100661045369586,0.08993389546304142,1
7034,8085,APPD10255433505,0,0,4,0.24032367593881174,0,0,133,0,2.8264438523511703,10,0.9176985316750345,0.08230146832496554,1
7045,8099,APPR60794306907,0,0,4,0.40211051825917193,0,0,133,0,4.3256533406849185,10,0.9631356918096106,0.03686430819038944,1
7078,8136,APPL80378118542,0,0,4,0.17965361006867667,0,0,122,0,2.4266546554621713,10,0.9168451649488587,0.0831548350511413,1
7106,8173,APPE90180947019,0,0,4,0.5214283144704375,0,0,122,0,7.124177718907913,0,0.9282547947490981,0.07174520525090189,1
7185,8255,APPX90953816705,0,0,4,0.24032367593881174,0,0,133,0,3.376153998073544,10,0.9363421023203315,0.06365789767966845,1
7261,8338,APPW80073218039,0,0,4,0.2039216364167307,0,0,122,0,2.6265492539066706,10,0.9252119644589207,0.07478803554107927,1
7285,8365,APPB80493561113,0,0,4,0.22010032064876672,0,0,133,0,3.02633845079567,10,0.9241550986079117,0.07584490139208833,1
7296,8376,APPV60212543101,0,0,1,0.1998769653587217,0,0,133,0,2.6265492539066706,10,0.9057828612946239,0.09421713870537607,1
7299,8379,APPY70735305401,0,0,2,0.23223433382279374,0,0,122,0,2.6265492539066706,10,0.9252892510543926,0.07471074894560736,1
7592,8704,APPK40123283236,0,0,4,19.25027764858113,0,0,133,0,-0.3718697227608239,10,0.9999943793258718,5.620674128237191e-06,1
7627,8740,APPD70559862725,0,0,1,0.6447907817397122,0,0,133,0,2.6765229035177955,10,0.9277473047422663,0.0722526952577337,1
7663,8776,APPX30043622305,0,0,4,0.15943025477863165,0,0,133,0,2.6265492539066706,10,0.9057422960079266,0.09425770399207345,1
7800,8924,APPU80247316209,0,0,4,2.019978941462773,0,0,133,0,0.4277086710171747,10,0.9054840253384999,0.09451597466150008,1
7976,9119,APPF70960477733,0,0,4,34.21556056321444,0,0,122,0,-0.3718697227608239,10,0.9999999993806943,6.193057178194294e-10,1
7979,9122,APPI90912005019,0,0,4,0.3818871629691269,0,0,143,0,3.6558065412973995,10,0.9374838895855324,0.06251611041446758,1
8435,9618,APPW70395656233,0,0,4,0.5922100579855951,0,0,133,0,4.825389836796167,10,0.9741092830480526,0.025890716951947446,1
8455,9638,APPX50030948938,0,0,4,0.44255722883926196,0,0,133,0,5.624968230574166,10,0.9809535415851247,0.01904645841487529,1
8534,9725,APPC10676294806,0,0,4,2.4648927578437636,0,0,161,0,2.1268127577954217,10,0.9429017812696946,0.057098218730305406,1
8558,9752,APPG20017021803,0,0,4,1.8581920991424132,0,0,161,0,3.526074946906919,10,0.9588666633638888,0.041133336636111184,1
8582,9778,APPK70158573824,0,0,4,0.44255722883926196,0,0,133,0,10.922175089353406,0,0.9852374478893617,0.01476255211063826,1
8589,9785,APPT40681393723,0,0,4,0.5638973605795321,0,0,143,0,8.123650711130411,0,0.9344487017330956,0.06555129826690442,1
8597,9793,APPC30299609617,0,0,4,0.6447907817397122,0,0,133,0,3.675995895740294,10,0.9560488121307517,0.04395118786924834,1
8811,10021,APPV70710531526,0,0,4,0.6447907817397122,0,0,133,0,7.124177718907913,2,0.9473102103246042,0.05268978967539584,1
8914,10133,APPJ30643593916,0,0,4,0.23627900488080272,0,0,127,0,2.6265492539066706,10,0.9192167622659728,0.08078323773402718,1
9031,10265,APPX90827452947,0,0,2,0.24032367593881174,0,0,133,0,3.12628575001792,10,0.9273624575209674,0.07263754247903265,1
9252,10500,APPJ80690774705,0,0,4,1.0492578875406124,0,0,133,0,24.614955082801632,0,0.9999894601512571,1.0539848742885383e-05,1
9422,10683,APPT10544201111,0,0,4,0.15943025477863165,0,0,133,0,2.7264965531289205,10,0.9099546892138962,0.09004531078610378,1
9873,11182,APPU60543108606,0,0,4,0.3435639046944916,0,0,143,0,3.626022246129169,10,0.9352336271232147,0.06476637287678533,1
9979,11297,APPM30521596441,0,0,4,0.3212170970989918,0,0,133,0,3.22623304924017,10,0.9346831051675193,0.06531689483248071,1
9987,11306,APPY90795706627,0,0,4,0.44255722883926196,0,0,133,0,3.12628575001792,10,0.9359953768511037,0.06400462314889632,1
10026,11345,APPU70255952407,0,0,4,0.6447907817397122,0,0,133,0,14.62022516057665,0,0.9979424688468486,0.0020575311531514373,1
10042,11361,APPM50089016227,0,0,4,3.8805276281469148,0,0,133,0,-0.3718697227608239,10,0.950814164939797,0.04918583506020302,1
10079,11400,APPQ60942708802,0,0,4,0.44255722883926196,0,0,134,0,4.575521588740543,10,0.967463119823811,0.032536880176189054,1
10358,11708,APPQ90972907845,0,0,4,0.22010032064876672,0,0,133,0,2.9263911515734202,10,0.9205490094543972,0.07945099054560278,1
10378,11730,APPS10899593641,0,0,4,0.3252617681570008,0,0,133,0,2.5765756042955457,10,0.9118167245574488,0.08818327544255122,1
10464,11823,APPE50670183204,0,0,4,0.13920689948858664,0,0,133,0,2.6265492539066706,10,0.9047119850271559,0.09528801497284412,1
10616,11995,APPI20385327401,0,0,4,16.014540802173926,0,0,133,0,-0.3718697227608239,7,0.9999208854534626,7.911454653741767e-05,1
10805,12197,APPA20443521627,0,0,4,0.41828920249120793,0,0,133,0,3.9258641437959185,10,0.9556856299697586,0.04431437003024141,1
10854,12252,APPP10398342316,0,0,4,5.902863157151417,0,0,133,0,-0.3718697227608239,7,0.968922648896329,0.031077351103671047,1
10903,12304,APPA10491577633,0,0,4,0.27672571546089275,0,0,133,0,3.626022246129169,10,0.9445891036330895,0.055410896366910545,1
10982,12389,APPI70368637802,0,0,4,0.24032367593881174,0,0,133,0,2.6265492539066706,10,0.909764339043878,0.09023566095612201,1
11105,12521,APPV90592792741,0,0,4,0.1998769653587217,0,0,133,0,3.02633845079567,10,0.923309012442248,0.07669098755775206,1
11108,12524,APPZ60865894127,0,0,1,0.24032367593881174,0,0,143,0,3.626022246129169,10,0.9299001432117027,0.07009985678829733,1
11124,12543,APPT60651986109,0,0,4,0.2807703865189018,0,0,133,0,2.4266546554621713,10,0.9032667841860974,0.0967332158139026,1
11135,12555,APPJ10495164739,0,0,4,0.24032367593881174,0,0,122,0,2.4385483840696187,10,0.919993300817063,0.08000669918293701,1
11180,12602,APPP70778803502,0,0,4,0.6447907817397122,0,0,133,0,6.124704726685415,10,0.9867907184801749,0.013209281519825145,1
11373,12815,APPU40918007022,0,0,1,0.44255722883926196,0,0,133,0,2.6265492539066706,10,0.9173832899045028,0.0826167100954972,1
11527,12990,APPT80919489736,0,0,4,0.33335111027301884,0,0,133,0,3.3261803484624193,10,0.9381107875044326,0.06188921249556745,1
11540,13005,APPK30920615418,0,0,4,1.655958546241963,0,0,133,0,1.1273397655729234,10,0.9165251223452171,0.0834748776547829,1
11570,13038,APPC70357351804,0,0,4,16.014540802173926,0,0,161,0,0.02791947412817537,10,0.9999441681263377,5.5831873662315346e-05,1
11826,13322,APPO70544333836,0,0,4,0.1998769653587217,0,0,133,0,3.12628575001792,10,0.9267997929157352,0.07320020708426478,1
11893,13393,APPA20908479841,0,0,4,0.24032367593881174,0,0,122,0,2.5216045897233084,10,0.9230199678160019,0.07698003218399807,1
11894,13394,APPB80410192909,0,0,4,1.655958546241963,0,0,133,0,1.6270762616841725,10,0.9338778277765698,0.0661221722234302,1
11916,13418,APPK20136868416,0,0,4,3.0715934165451144,0,0,122,0,1.6470657215286224,10,0.9764503036148845,0.023549696385115504,1
12186,13730,APPT50008913718,0,0,4,0.6407461106817032,0,0,161,0,3.476101297295794,10,0.9168861470295615,0.0831138529704385,1
12196,13740,APPG50941118008,0,0,4,0.17965361006867667,0,0,133,0,2.6265492539066706,10,0.9067626147462321,0.0932373852537679,1
12197,13741,APPI30089411212,0,0,4,0.44255722883926196,0,0,153,0,12.821173774576152,0,0.9913910669574731,0.008608933042526856,1
12214,13758,APPC40719746216,0,0,4,0.3212170970989918,0,0,143,0,3.626022246129169,10,0.9344251422474594,0.06557485775254057,1
12395,13957,APPX20365597748,0,0,4,1.8581920991424132,0,0,158,0,7.174151368519039,10,0.9936235911442556,0.00637640885574442,1
12547,14131,APPL10281306913,0,0,2,0.2807703865189018,0,0,133,0,4.025811443018168,10,0.9536518742333007,0.04634812576669933,1
12693,14290,APPF80352603137,0,0,4,0.15943025477863165,0,0,133,0,2.6265492539066706,10,0.9057422960079266,0.09425770399207345,1
12736,14340,APPT70965413703,0,0,4,0.2686363733448748,0,0,133,0,2.6265492539066706,10,0.9111351380939076,0.08886486190609244,1
12840,14453,APPD30403169721,0,0,4,0.26054703122885675,0,0,133,0,3.8259168445736687,10,0.9491692253986209,0.05083077460137908,1
13006,14633,APPX70436012539,0,0,4,0.22010032064876672,0,0,133,0,2.6265492539066706,10,0.9087735640952866,0.09122643590471335,1
13041,14669,APPR40922614149,0,0,4,0.3818871629691269,0,0,143,0,4.295669150918243,10,0.9539189589580994,0.04608104104190058,1
13202,14852,APPJ30903801747,0,0,4,5.902863157151417,0,0,133,0,1.1273397655729234,10,0.9927398778397162,0.007260122160283822,1
13436,15111,APPP20782019109,0,0,4,4.6894618397487156,0,0,133,0,4.625495238351668,10,0.9974269237117268,0.0025730762882731906,1
13479,15156,APPR40564581523,0,0,4,0.34144045238903686,0,0,133,0,4.425600639907168,10,0.9636411402390036,0.0363588597609964,1
13656,15357,APPG80919883433,0,0,4,0.26459170228686574,0,0,143,0,8.073677061519287,0,0.9208681193797293,0.07913188062027066,1
13709,15419,APPE10945265002,0,0,4,5.902863157151417,0,0,122,0,0.6276032694616742,10,0.9925531963572588,0.0074468036427411954,1
13719,15430,APPQ90171894209,0,0,4,0.24032367593881174,0,0,133,0,2.5266019546844207,10,0.9055439654398758,0.09445603456012419,1
13951,15685,APPW70789762633,0,0,4,0.523450649999442,0,0,122,0,5.025284435240667,10,0.9804252647234276,0.019574735276572386,1
13988,15723,APPU70909754609,0,0,4,1.2514914404410626,0,0,159,0,8.623387207241661,7,0.9907619017552747,0.009238098244725323,1
14090,15838,APPB20403121336,0,0,4,0.2807703865189018,0,0,133,0,3.9258641437959185,10,0.9520954288253467,0.0479045711746533,1
14094,15842,APPH60992442921,0,0,4,1.4537249933415128,0,0,133,0,1.6770499112952975,10,0.927769752336034,0.07223024766396602,1
14126,15876,APPB40135042541,0,0,4,0.16145259030763617,0,0,127,0,2.3267073562399214,10,0.9034568325192402,0.09654316748075975,1
14127,15877,APPC10496199621,0,0,4,3.8805276281469148,0,0,134,0,-0.3718697227608239,10,0.949843416852878,0.050156583147122014,1
14212,15967,APPS30815478606,0,0,4,3.6216686804343388,0,0,133,0,-0.3718697227608239,10,0.9431060286042083,0.056893971395791665,1
14227,15985,APPQ50274921037,0,0,4,0.6447907817397122,0,0,133,0,14.120488664465402,0,0.9973548822969676,0.00264511770303244,1
14257,16018,APPF40705902127,0,0,4,0.3697531497950999,0,0,133,0,3.596038056362494,10,0.9466527709417638,0.05334722905823619,1
14303,16068,APPL60215078942,0,0,4,0.44255722883926196,0,0,158,0,3.376153998073544,10,0.9084133901433139,0.0915866098566861,1
14478,16261,APPV90298067327,0,0,4,0.44255722883926196,0,0,158,0,3.376153998073544,10,0.9084133901433139,0.0915866098566861,1
14683,16491,APPU50242763823,0,0,4,16.014540802173926,0,0,133,0,-0.3718697227608239,10,0.9999616035820209,3.839641797909188e-05,1
14691,16499,APPE90200144819,0,0,4,0.44255722883926196,0,0,158,0,3.376153998073544,10,0.9084133901433139,0.0915866098566861,1
14692,16500,APPF70457536943,0,0,4,0.6447907817397122,0,0,143,0,9.622860199464158,0,0.9695443760204482,0.030455623979551816,1
14746,16560,APPJ10338659125,0,0,4,1.0492578875406124,0,0,122,0,1.6270762616841725,10,0.9251017482552049,0.07489825174479514,1
14831,16653,APPX70926607921,0,0,2,0.24841301805482974,0,0,134,0,2.8264438523511703,10,0.915291157174941,0.08470884282505897,1
14963,16798,APPG30062226037,0,0,4,0.24032367593881174,0,0,133,0,2.529400479062644,10,0.9056645053205119,0.0943354946794881,1
14979,16814,APPA70506887012,0,0,4,0.2018993008877262,0,0,122,0,2.5765756042955457,10,0.9233659544359618,0.07663404556403819,1
15003,16842,APPJ80258498527,0,0,4,0.30503841286695577,0,0,133,0,7.124177718907913,0,0.9007387908995396,0.09926120910046043,1
15216,17070,APPO40805795623,0,0,4,0.16751959689464968,0,0,133,0,2.7264965531289205,10,0.910347529697233,0.08965247030276702,1
15341,17203,APPF60160301924,0,0,4,3.8805276281469148,0,0,133,0,-0.3718697227608239,10,0.950814164939797,0.04918583506020302,1
15369,17233,APPK70704396033,0,0,4,0.5638973605795321,0,0,122,0,5.125231734462917,10,0.9818028505694574,0.018197149430542625,1
15429,17300,APPR60947365501,0,0,4,0.2241449917067757,0,0,122,0,3.452713629277788,10,0.9499623498348843,0.050037650165115743,1
15615,17503,APPL60456385925,0,0,4,2.409747712638869,0,0,122,0,-0.3718697227608239,10,0.9100716725483782,0.08992832745162183,1
15729,17629,APPS40626462231,0,0,4,0.40211051825917193,0,0,143,0,10.622333191686657,0,0.9785434484129666,0.021456551587033412,1
15757,17658,APPE40643894045,0,0,4,0.7054608476098472,0,0,134,0,3.626022246129169,10,0.9556387207795293,0.04436127922047073,1
15791,17694,APPY90350009613,0,0,1,0.11898354419854162,0,0,127,0,2.3766810058510464,10,0.9013800594253897,0.09861994057461032,1
15882,17803,APPF10089803339,0,0,4,0.2807703865189018,0,0,133,0,2.9263911515734202,10,0.9231445081329764,0.07685549186702356,1
15887,17809,APPM70768464006,0,0,4,0.1998769653587217,0,0,133,0,2.7264965531289205,10,0.9119034805304589,0.08809651946954111,1
15904,17827,APPJ50037571312,0,0,1,0.4223338735492169,0,0,127,0,5.175205384074042,10,0.9781799789741483,0.021820021025851677,1
16035,17972,APPQ10486909232,0,0,4,1.0492578875406124,0,0,133,0,2.4266546554621713,10,0.9364594617167177,0.06354053828328232,1
16050,17988,APPJ20676318143,0,0,4,0.17965361006867667,0,0,122,0,2.6265492539066706,10,0.9242086265091738,0.07579137349082621,1
16339,18316,APPX40767362526,0,0,4,0.34346278791804136,0,0,122,0,7.6239142150191626,0,0.9373972520090291,0.06260274799097088,1
16416,18404,APPX80268218909,0,0,1,0.6447907817397122,0,0,143,0,6.424546624352164,10,0.9857327275361556,0.014267272463844405,1
16429,18417,APPM80623168446,0,0,4,1.2514914404410626,0,0,133,0,2.4266546554621713,10,0.943241917313333,0.056758082686667044,1
16432,18421,APPR50419711937,0,0,4,0.44255722883926196,0,0,143,0,3.376153998073544,10,0.9310478728365713,0.06895212716342869,1
16548,18553,APPW60275565039,0,0,4,0.44255722883926196,0,0,158,0,10.872201439742282,0,0.9749489549405352,0.02505104505946476,1
16605,18616,APPZ80411003116,0,0,1,0.3212170970989918,0,0,133,0,2.4266546554621713,10,0.9033083011150811,0.09669169888491891,1
16651,18664,APPJ10864894319,0,0,4,0.3212170970989918,0,0,133,0,3.626022246129169,10,0.9459558713702455,0.054044128629754495,1
16776,18800,APPC70400776826,0,0,4,0.15943025477863165,0,0,133,0,2.7264965531289205,10,0.9099546892138962,0.09004531078610378,1
16904,18938,APPZ40813361716,0,0,4,0.16347492583664067,0,0,133,0,2.6265492539066706,10,0.905947156826769,0.09405284317323104,1
16936,18972,APPN70614866735,0,0,4,0.6447907817397122,0,0,134,0,3.376153998073544,10,0.9482446676316681,0.05175533236833185,1
16948,18985,APPF60714099534,0,0,4,0.1998769653587217,0,0,133,0,3.04632791064012,10,0.924019165365242,0.07598083463475802,1
16965,19004,APPB70686146713,0,0,4,0.1998769653587217,0,0,133,0,3.12628575001792,10,0.9267997929157352,0.07320020708426478,1
17082,19133,APPF20099809707,0,0,1,0.17965361006867667,0,0,133,0,2.668627066879238,10,0.9065643640431218,0.0934356359568782,1
17125,19179,APPH60130077108,0,0,4,0.2848150575769108,0,0,133,0,3.675995895740294,10,0.9461377036065327,0.05386229639346729,1
17135,19189,APPS70735244242,0,0,4,0.13516222843057765,0,0,127,0,2.5266019546844207,10,0.9106294318974335,0.0893705681025665,1
17216,19273,APPY60593182213,0,0,4,3.8805276281469148,0,0,133,0,1.1273397655729234,7,0.952308364780538,0.04769163521946196,1
17230,19289,APPU70855192424,0,0,1,0.17965361006867667,0,0,122,0,2.7764702027400454,10,0.9277713547880193,0.07222864521198069,1
17315,19384,APPK50087261449,0,0,4,20.97017289922301,0,0,122,0,-0.3718697227608239,10,0.9999983857462355,1.614253764548046e-06,1
17341,19413,APPW80803243229,0,0,4,2.2626592049433136,0,0,133,0,0.8274978679061739,10,0.9311990090547279,0.06880099094527214,1
17360,19435,APPA50479908237,0,0,4,0.3818871629691269,0,0,122,0,3.276206698851295,10,0.9501871981631332,0.04981280183686676,1
17388,19464,APPM70326644039,0,0,1,0.3212170970989918,0,0,133,0,3.626022246129169,10,0.944739504048075,0.05526049595192495,1
17411,19487,APPM40850388611,0,0,4,3.476060522346015,0,0,133,0,14.62022516057665,10,0.9999655322513935,3.44677486064926e-05,1
17503,19589,APPE20480985815,0,0,3,0.28885972863491977,0,0,133,0,3.626022246129169,10,0.9445554794189989,0.05544452058100113,1
17563,19658,APPP10481876726,0,0,4,2.869359863644664,0,0,161,0,1.6270762616841725,10,0.9422737934857527,0.057726206514247314,1
17639,19736,APPQ50862628231,0,0,4,4.6894618397487156,0,0,143,0,2.6265492539066706,10,0.9913989257281092,0.00860107427189083,1
17642,19742,APPY70070296007,0,0,4,0.523450649999442,0,0,159,0,3.376153998073544,10,0.9106736040874586,0.08932639591254143,1
17665,19767,APPZ70435595719,0,0,4,1.2514914404410626,0,0,122,0,9.622860199464158,10,0.9987238538782953,0.00127614612170468,1
17886,20014,APPI50304619214,0,0,3,5.781523025411147,0,0,133,0,6.124704726685415,10,0.9993617508983595,0.0006382491016404535,1
17935,20069,APPB20184166315,0,0,4,0.24234601146781623,0,0,122,0,7.124177718907913,0,0.9164032571047203,0.08359674289527974,1
17958,20094,APPF50829748346,0,0,4,0.3212170970989918,0,0,122,0,3.626022246129169,10,0.9564207346593897,0.043579265340610296,1
18085,20235,APPX90534714738,0,0,4,0.13920689948858664,0,0,133,0,2.6265492539066706,10,0.9047119850271559,0.09528801497284412,1
18342,20525,APPE60788255247,0,0,4,0.7459075581899373,0,0,143,0,6.0247574274631654,10,0.9839769024663053,0.016023097533694686,1
18374,20558,APPS90043304216,0,0,4,1.8581920991424132,0,0,133,0,0.6276032694616742,10,0.9058805386325137,0.09411946136748628,1
18475,20671,APPS50009481203,0,0,4,0.11898354419854162,0,0,122,0,2.2267600570176715,10,0.9058074943531315,0.09419250564686854,1
18477,20673,APPU30437556413,0,0,1,3.8805276281469148,0,0,143,0,-0.3718697227608239,10,0.9389181210742498,0.06108187892575023,1
18528,20728,APPH60748185949,0,0,4,0.6002994001016131,0,0,133,0,9.622860199464158,0,0.9744139809260168,0.02558601907398317,1
18621,20835,APPF30913713736,0,0,4,3.0715934165451144,0,0,143,0,0.1278667733504252,10,0.9260451701734064,0.07395482982659363,1
18624,20838,APPI10958298016,0,0,4,3.0715934165451144,0,0,143,0,-0.3718697227608239,10,0.9068419590352913,0.0931580409647087,1
18699,20925,APPN90931723911,0,0,4,0.8470243346401624,0,0,159,0,3.626022246129169,10,0.9333882914675711,0.06661170853242893,1
18704,20931,APPW50889999816,0,0,4,7.925198686155919,0,0,157,0,0.1278667733504252,10,0.9940705006010333,0.005929499398966698,1
18729,20957,APPF20079498328,0,0,2,0.24032367593881174,0,0,133,0,3.12628575001792,10,0.9273624575209674,0.07263754247903265,1
18759,20991,APPV60247838529,0,0,4,0.46278058412930695,0,0,133,0,4.125758742240419,10,0.9607687589868364,0.039231241013163554,1
18866,21112,APPK40005522018,0,0,4,1.8581920991424132,0,0,157,0,39.60704996613911,0,0.9999999944032589,5.596741070590383e-09,1
19064,21340,APPY10995639025,0,0,4,0.44255722883926196,0,0,122,0,4.625495238351668,10,0.975017257305871,0.024982742694129034,1
19108,21388,APPO60135317835,0,0,2,0.5113166368254151,0,0,122,0,4.725442537573917,10,0.9767917626227067,0.023208237377293273,1
19149,21433,APPY30718801018,0,0,4,0.34144045238903686,0,0,122,0,3.626022246129169,10,0.9569185637651886,0.04308143623481142,1
19199,21489,APPS90468292248,0,0,4,0.11898354419854162,0,0,122,0,2.2267600570176715,10,0.9058074943531315,0.09419250564686854,1
19299,21603,APPH40442624717,0,0,2,0.1897652877136992,0,0,122,0,2.3766810058510464,10,0.9141476595610677,0.0858523404389323,1
19438,21769,APPP10171763304,0,0,4,0.5719867026955501,0,0,122,0,7.024230419685663,0,0.9268886507630477,0.07311134923695228,1
19600,21998,APPL60845897511,0,0,4,0.7661309134799822,0,0,122,0,2.1268127577954217,10,0.9306963635012911,0.06930363649870885,1
19663,22360,APPS90329179412,0,0,4,0.11898354419854162,0,0,122,0,2.3267073562399214,10,0.9100172633034385,0.08998273669656154,1
19737,22445,APPM70501688244,0,0,4,1.777298677982233,0,0,122,0,1.2772607144062982,10,0.9410253541852078,0.05897464581479217,1
19932,22679,APPV20213556739,0,0,4,0.44255722883926196,0,0,122,0,4.625495238351668,10,0.975017257305871,0.024982742694129034,1
19984,22748,APPG30989041647,0,0,4,2.667126310744214,0,0,122,0,-0.3718697227608239,10,0.9218213527034255,0.07817864729657453,1
20059,22835,APPX20368022714,0,0,1,0.2807703865189018,0,0,122,0,3.626022246129169,10,0.9543946858330074,0.04560531416699265,1
20279,23264,APPO10118631446,0,0,4,16.014540802173926,0,0,122,0,18.118380633355393,10,0.9999999972460947,2.7539053260028368e-09,1
20302,23289,APPX40744432915,0,0,4,0.3919988406141494,0,0,122,0,6.724388522018914,0,0.9073656279119027,0.09263437208809733,1
20386,23394,APPO10242281627,0,0,4,0.6447907817397122,0,0,122,0,7.523966915796913,7,0.9892476466434299,0.010752353356570099,1
20411,23424,APPZ80131994338,0,0,4,0.1998769653587217,0,0,122,0,3.12628575001792,10,0.9407415885042617,0.059258411495738295,1
20454,23484,APPB70004189313,0,0,4,0.44255722883926196,0,0,122,0,5.604978770729716,7,0.9687752060887479,0.031224793911252102,1
20459,23505,APPC40451214025,0,0,1,0.11898354419854162,0,0,122,0,2.3766810058510464,10,0.9101511143028812,0.0898488856971188,1
20507,23558,APPO50764709449,0,0,2,0.3009937418089468,0,0,122,0,2.6265492539066706,10,0.9280634254005604,0.07193657459943958,1
20606,23662,APPG20947305623,0,0,4,0.34548512344704585,0,0,122,0,7.6239142150191626,0,0.9374676920501114,0.06253230794988862,1
20607,23663,APPH10902918705,0,0,4,0.6447907817397122,0,0,122,0,3.626022246129169,10,0.9637632186326929,0.036236781367307125,1
20697,23827,APPU90593345237,0,0,4,0.6447907817397122,0,0,122,0,14.62022516057665,0,0.9983583497050341,0.0016416502949658796,1
20739,23875,APPB80651223144,0,0,4,1.8581920991424132,0,0,122,0,0.790717261792386,10,0.9290871453562881,0.07091285464371189,1
20867,24059,APPU40520225839,0,0,4,0.44255722883926196,0,0,122,0,11.621806183909156,0,0.9916700024839028,0.008329997516097198,1
20962,24162,APPR40557639507,0,0,1,0.3307827441511831,0,0,122,0,3.576048596518044,10,0.9545910221967413,0.0454089778032587,1
21015,24224,APPN90315546931,0,0,4,1.4537249933415128,0,0,122,0,13.620752168354151,10,0.9998488538480226,0.00015114615197742154,1
21073,24288,APPL30411833527,0,0,4,0.29614013653933596,0,0,122,0,3.016743510070334,10,0.9408514207345743,0.059148579265425716,1
21193,24419,APPT80316419936,0,0,4,7.925198686155919,0,0,122,0,-0.3718697227608239,10,0.9962783740943686,0.0037216259056314094,1
21289,24517,APPL30187781118,0,0,4,0.13920689948858664,0,0,122,0,2.3466968160843713,10,0.9118091350342495,0.08819086496575046,1
21311,24540,APPR60803088329,0,0,4,0.2807703865189018,0,0,122,0,3.376153998073544,10,0.9497266101555315,0.0502733898444685,1
21403,24645,APPO50800477029,0,0,4,0.5638973605795321,0,0,122,0,3.12628575001792,10,0.9517053459037107,0.0482946540962893,1
21580,24853,APPW50337331835,0,0,4,1.8581920991424132,0,0,122,0,1.1273397655729234,10,0.9394805192694161,0.060519480730583886,1
21719,25011,APPB70582994537,0,0,1,0.36166380767908185,0,0,122,0,3.12628575001792,10,0.9446581622340836,0.05534183776591639,1
21757,25051,APPW80200185222,0,0,4,0.15943025477863165,0,0,122,0,2.2267600570176715,10,0.9078369500078803,0.09216304999211966,1
21855,25207,APPT20320771741,0,0,4,0.5638973605795321,0,0,122,0,6.624441222796664,0,0.9116224360751807,0.08837756392481932,1
21968,25339,APPC30483322217,0,0,4,0.24032367593881174,0,0,122,0,2.1268127577954217,10,0.9076425774466419,0.0923574225533581,1
22078,25460,APPR40864379721,0,0,4,0.17965361006867667,0,0,122,0,2.1268127577954217,10,0.9045776749685495,0.09542232503145054,1
22298,25709,APPZ80841005737,0,0,1,0.3373957813310279,0,0,122,0,3.8259168445736687,10,0.9598979373993967,0.04010206260060334,1
22369,25786,APPX70158392909,0,0,4,0.4385125577812529,0,0,122,0,1.876944509739797,10,0.906952534184101,0.09304746581589896,1
22389,25806,APPV70873708345,0,0,4,0.36166380767908185,0,0,122,0,2.6265492539066706,10,0.9314411351877465,0.06855886481225348,1
22494,26048,APPF70765971939,0,0,4,0.3293064392150098,0,0,122,0,2.0768391081842967,10,0.9099354730838932,0.09006452691610678,1
22497,26051,APPL40663927547,0,0,4,1.1503746639908377,0,0,122,0,8.623387207241661,10,0.9977598948396769,0.002240105160323136,1
22524,26080,APPU30113141046,0,0,4,0.1998769653587217,0,0,122,0,2.4266546554621713,10,0.9177562108078796,0.08224378919212039,1
22551,26111,APPH90735909927,0,0,4,4.891695392649166,0,0,122,0,3.426127647684669,7,0.9931668087941838,0.006833191205816158,1
22665,26240,APPL90379668914,0,0,4,0.44255722883926196,0,0,122,0,5.125231734462917,10,0.9804697570788258,0.019530242921174223,1
22792,26380,APPD90199723321,0,0,4,0.44255722883926196,0,0,122,0,10.622333191686657,0,0.9862914443119063,0.013708555688093704,1
22848,26439,APPX80738761511,0,0,4,0.40211051825917193,0,0,122,0,5.125231734462917,10,0.9800044683643182,0.019995531635681796,1
22858,26449,APPI80468333623,0,0,4,0.2807703865189018,0,0,122,0,2.9263911515734202,10,0.937735722033208,0.062264277966792014,1
23004,26607,APPM40331661234,0,0,4,0.2807703865189018,0,0,122,0,3.3261803484624193,10,0.9485106722061704,0.05148932779382964,1
23142,26831,APPD90033981941,0,0,4,0.6391282422584995,0,0,122,0,2.1959762888572185,10,0.92803328352758,0.07196671647242003,1
23235,26940,APPN30656426904,0,0,4,2.2626592049433136,0,0,122,0,-0.3718697227608239,10,0.9026622636637146,0.0973377363362854,1
23269,26977,APPI80144183609,0,0,4,0.11898354419854162,0,0,122,0,2.3267073562399214,10,0.9100172633034385,0.08998273669656154,1
23386,27112,APPT10792623345,0,0,4,0.16347492583664067,0,0,122,0,2.6265492539066706,10,0.9235328847712693,0.07646711522873073,1
23391,27119,APPB60916376103,0,0,1,0.2686363733448748,0,0,122,0,3.12628575001792,10,0.9416980706788504,0.05830192932114964,1
23414,27144,APPG10925197245,0,0,4,0.2241449917067757,0,0,122,0,2.8764175019622953,10,0.9342124627414213,0.06578753725857867,1
23471,27205,APPJ30080939335,0,0,4,3.0715934165451144,0,0,122,0,19.61759012168914,10,0.9999971819362475,2.8180637524632957e-06,1
23491,27227,APPK50053619005,0,0,4,2.2626592049433136,0,0,122,0,9.622860199464158,10,0.9992995707649862,0.0007004292350137886,1
23584,27335,APPP30196426531,0,0,4,0.44053489331025747,0,0,122,0,3.376153998073544,10,0.9540680723781068,0.04593192762189324,1
23587,27338,APPU50890806047,0,0,4,0.8470243346401624,0,0,122,0,1.5271289624619226,10,0.9124015630213808,0.08759843697861924,1
23690,27695,APPC30647694001,0,0,4,0.3818871629691269,0,0,122,0,5.624968230574166,2,0.9005998634562885,0.09940013654371149,1
23822,27844,APPG90311902623,0,0,4,5.902863157151417,0,0,122,0,-0.3718697227608239,7,0.9750575888803532,0.02494241111964679,1
23859,27887,APPF20482382701,0,0,4,0.15943025477863165,0,0,122,0,2.1268127577954217,10,0.9035359895656385,0.09646401043436148,1
24040,28094,APPS10343932037,0,0,4,0.24032367593881174,0,0,122,0,3.626022246129169,10,0.9543739961403426,0.04562600385965743,1
24043,28098,APPW70974555428,0,0,4,0.6427684462107076,0,0,122,0,14.370356912521025,0,0.9981362708852238,0.0018637291147761692,1
24050,28105,APPF90953935313,0,0,4,0.36166380767908185,0,0,122,0,6.624441222796664,0,0.9014562757673911,0.09854372423260893,1
24238,28315,APPK40209497839,0,0,4,0.24032367593881174,0,0,122,0,2.6265492539066706,10,0.9266940933755157,0.07330590662448433,1
24329,28414,APPX20487371516,0,0,4,0.1998769653587217,0,0,122,0,2.1268127577954217,10,0.9056092866743074,0.0943907133256926,1
24375,28463,APPL30506838145,0,0,1,0.13920689948858664,0,0,122,0,2.2267600570176715,10,0.9048187578622411,0.09518124213775891,1
24389,28480,APPI20629793404,0,0,4,2.2626592049433136,0,0,122,0,42.6054689428066,0,0.9999999995269673,4.730327241020404e-10,1
24400,28492,APPB20748327321,0,0,3,0.26459170228686574,0,0,122,0,2.3267073562399214,10,0.9162510870514633,0.0837489129485367,1
24426,28523,APPN80702312136,0,0,4,0.3980658472011629,0,0,122,0,6.824335821241164,0,0.9118027315429404,0.08819726845705955,1
24438,28535,APPC20955073609,0,0,4,0.24032367593881174,0,0,122,0,7.124177718907913,0,0.9163112070986197,0.08368879290138032,1
24464,28566,APPM80149211224,0,0,4,0.6326567685656851,0,0,122,0,14.62022516057665,0,0.9983464972174219,0.0016535027825781423,1
24488,28594,APPC10856992422,0,0,4,1.3323848616012428,0,0,122,0,7.723861514241412,10,0.9968394411158171,0.0031605588841828736,1
24517,28635,APPB40009908515,0,0,4,1.4537249933415128,0,0,122,0,11.122069687797906,10,0.9994678875324082,0.0005321124675917721,1
24576,28697,APPI10378354039,0,0,4,1.0492578875406124,0,0,122,0,7.124177718907913,10,0.9949512262951108,0.005048773704889209,1
24608,28734,APPF80187967938,0,0,1,0.47693693283233846,0,0,122,0,2.4266546554621713,10,0.9277903542711705,0.07220964572882949,1
24660,28789,APPW20841011831,0,0,4,1.8581920991424132,0,0,122,0,14.62022516057665,7,0.9998519670281648,0.00014803297183518804,1
24709,28844,APPV60770439539,0,0,4,0.3252617681570008,0,0,122,0,3.626022246129169,7,0.9143578987554929,0.08564210124450711,1
24710,28845,APPW70261128646,0,0,4,0.24032367593881174,0,0,122,0,2.8264438523511703,10,0.9332489162911154,0.0667510837088846,1
24751,28893,APPH40294147939,0,0,4,0.3758201563821134,0,0,122,0,8.873255455297285,0,0.9662684399850728,0.033731560014927164,1
24761,28905,APPZ80776837706,0,0,1,0.1998769653587217,0,0,122,0,2.4266546554621713,10,0.915961541233831,0.084038458766169,1
24896,29060,APPV30851625134,0,0,1,0.2524576891128387,0,0,122,0,2.026865458573172,10,0.9018973879632067,0.09810261203679327,1
24935,29109,APPH40038287513,0,0,4,0.6407461106817032,0,0,122,0,14.62022516057665,0,0.9983544083304118,0.00164559166958822,1
25080,29275,APPX10484522321,0,0,1,0.2827927220479063,0,0,122,0,2.1268127577954217,10,0.9077829940101642,0.09221700598983584,1
25103,29305,APPE20185122637,0,0,4,0.6852374923198021,0,0,122,0,2.1268127577954217,10,0.927532998876521,0.07246700112347904,1
25255,29478,APPS70664924819,0,0,1,0.15943025477863165,0,0,122,0,2.1268127577954217,10,0.9014643318069311,0.09853566819306891,1
25308,29539,APPR50768929502,0,0,4,0.6447907817397122,0,0,122,0,1.5771026120730476,10,0.9045124536226906,0.09548754637730938,1
25367,29601,APPR40842748344,0,0,4,0.36166380767908185,0,0,122,0,3.12628575001792,10,0.945876217438328,0.05412378256167205,1
25386,29620,APPW20750627422,0,0,4,0.8470243346401624,0,0,122,0,1.4271816632396728,10,0.908292100276195,0.091707899723805,1
25411,29648,APPG70240092047,0,0,4,0.17965361006867667,0,0,122,0,2.1268127577954217,10,0.9045776749685495,0.09542232503145054,1
25513,29766,APPP30915285908,0,0,4,0.1877429521846947,0,0,122,0,2.976364801184545,10,0.9359570498807048,0.06404295011929517,1
25526,29781,APPH70743396736,0,0,4,0.36166380767908185,0,0,122,0,3.376153998073544,7,0.90583115952655,0.09416884047344998,1
25666,29948,APPJ50683772733,0,0,4,0.24032367593881174,0,0,122,0,3.626022246129169,10,0.9543739961403426,0.04562600385965743,1
25678,29961,APPA90037764402,0,0,4,0.13920689948858664,0,0,122,0,2.1268127577954217,10,0.9024841584138843,0.0975158415861157,1
25679,29962,APPB70079357521,0,0,4,0.6447907817397122,0,0,122,0,10.922175089353406,0,0.9895133162167223,0.010486683783277662,1
25730,30016,APPO50782556003,0,0,1,3.476060522346015,0,0,122,0,4.125758742240419,10,0.9944609444618057,0.005539055538194337,1
